EmployeeID,Name,Department,Salary,Experience (Years)
1001,Frank,IT,8231,20
1002,Alice,HR,3716,23
1003,Alice,Marketing,9334,11
1004,David,Sales,14785,8
1005,Kara,Operations,8301,13
1006,Charlie,Operations,5720,28
1007,Eve,IT,4801,4
1008,Liam,Finance,9243,15
1009,Bob,Finance,11775,5
1010,Bob,Operations,6456,27
1011,Hannah,IT,6457,15
1012,Charlie,HR,11244,29
1013,Alice,Marketing,8875,16
1014,Frank,Operations,7422,28
1015,Charlie,HR,4539,8
1016,David,Finance,7087,24
1017,Jack,HR,4195,15
1018,Bob,Sales,11012,17
1019,Kara,IT,12701,24
1020,Alice,IT,14655,18
1021,Liam,IT,13081,7
1022,Alice,IT,6022,14
1023,Ian,HR,14762,15
1024,Grace,Operations,5786,2
1025,Bob,HR,3686,12
1026,Ian,IT,5951,7
1027,Hannah,Sales,13123,22
1028,Liam,IT,5479,14
1029,David,HR,14902,7
1030,Liam,Marketing,7793,22
1031,Eve,Sales,3012,18
1032,Grace,IT,5910,23
1033,Ian,Marketing,4006,14
1034,Grace,Operations,10397,24
1035,Liam,IT,3547,1
1036,Eve,Operations,5892,8
1037,Alice,Finance,11706,23
1038,Hannah,Finance,12556,3
1039,Kara,Sales,14727,18
1040,Jack,Sales,6506,13
1041,Hannah,Marketing,9601,29
1042,Kara,IT,4340,26
1043,Ian,Sales,14868,12
1044,Grace,Finance,5367,17
1045,Alice,Finance,9203,6
1046,Alice,IT,14723,2
1047,Bob,Finance,3789,4
1048,Alice,Finance,12890,24
1049,Eve,Marketing,7179,14
1050,Bob,HR,14529,23
1051,Kara,Finance,9518,16
1052,Kara,Marketing,7904,21
1053,David,Operations,7296,15
1054,Eve,Operations,13775,4
1055,Eve,IT,9853,24
1056,Kara,Sales,7179,17
1057,Charlie,IT,11567,4
1058,Charlie,IT,6718,23
1059,Charlie,Finance,7946,9
1060,Kara,Marketing,11478,5
1061,Alice,Sales,13368,30
1062,Eve,Sales,4766,16
1063,Kara,IT,13063,13
1064,Kara,HR,12549,15
1065,Jack,Sales,3158,20
1066,Hannah,Sales,14253,16
1067,Grace,Finance,3086,4
1068,Charlie,Operations,4764,14
1069,Alice,IT,7051,18
1070,Alice,Operations,10184,13
1071,Frank,HR,9852,6
1072,Liam,IT,9855,4
1073,Kara,HR,8176,5
1074,Ian,IT,14108,16
1075,Grace,Sales,9351,26
1076,Hannah,Finance,9812,15
1077,Eve,Marketing,6293,21
1078,Frank,HR,7166,3
1079,Charlie,HR,11737,29
1080,Frank,IT,6049,15
1081,Charlie,Sales,10647,30
1082,Grace,Finance,11506,10
1083,Bob,IT,5026,3
1084,Hannah,Sales,10380,20
1085,Ian,Finance,3798,1
1086,Eve,Sales,3527,16
1087,Kara,Operations,13676,18
1088,Bob,Marketing,5482,21
1089,Eve,HR,3253,10
1090,Alice,Marketing,9467,30
1091,Eve,Finance,4696,8
1092,Hannah,Marketing,13214,6
1093,Grace,Operations,10446,13
1094,Eve,HR,4093,1
1095,Hannah,Finance,7209,12
1096,Grace,Marketing,9794,23
1097,Jack,Marketing,12499,10
1098,Jack,Marketing,4107,16
1099,Frank,Sales,11491,12
1100,Grace,Sales,12032,10
1101,Eve,Operations,10551,15
1102,David,Marketing,7433,18
1103,Alice,Sales,8950,14
1104,Bob,HR,7112,20
1105,Ian,Operations,9086,29
1106,Jack,Marketing,12524,14
1107,Hannah,Operations,9209,18
1108,Eve,HR,4048,26
1109,Jack,Finance,9761,23
1110,Hannah,HR,13306,14
1111,Ian,Sales,6763,30
1112,Kara,IT,5926,30
1113,Ian,Marketing,4981,19
1114,Liam,Sales,11964,20
1115,Alice,Marketing,12153,5
1116,Charlie,Operations,5957,25
1117,Eve,Sales,14652,14
1118,Frank,Finance,9812,19
1119,Bob,Finance,13430,8
1120,Liam,Finance,6096,16
1121,David,Sales,11574,8
1122,Ian,HR,8713,26
1123,Eve,Finance,8015,22
1124,Bob,Marketing,5532,2
1125,Bob,Operations,12249,7
1126,Kara,HR,10327,15
1127,Jack,IT,12637,2
1128,Kara,Marketing,3675,15
1129,Alice,IT,4155,16
1130,Eve,IT,11372,30
1131,David,Sales,14715,12
1132,Liam,IT,13133,18
1133,Frank,IT,5543,3
1134,Alice,Sales,5681,12
1135,Eve,Sales,8732,21
1136,Jack,Sales,9390,4
1137,Grace,Marketing,8542,8
1138,Ian,Marketing,12554,11
1139,Liam,Sales,5967,30
1140,Ian,Marketing,4962,14
1141,Alice,HR,5152,14
1142,Charlie,Operations,6187,4
1143,Liam,Finance,4009,17
1144,Charlie,IT,11193,19
1145,Eve,Operations,8059,14
1146,Grace,HR,4867,13
1147,Eve,Sales,14407,21
1148,Bob,Marketing,8936,7
1149,Hannah,IT,11929,12
1150,David,Sales,11032,10
1151,Kara,Sales,3334,13
1152,Jack,Sales,7529,13
1153,David,Marketing,7852,5
1154,Hannah,Marketing,7439,8
1155,Jack,Sales,14669,4
1156,Ian,Operations,14825,20
1157,David,Finance,9160,21
1158,Kara,IT,6220,18
1159,Hannah,Marketing,3597,10
1160,Jack,IT,5250,2
1161,Kara,HR,8096,25
1162,Frank,Marketing,5485,15
1163,David,IT,7155,18
1164,Eve,Sales,8345,10
1165,Grace,Operations,14053,16
1166,Alice,IT,10476,9
1167,Bob,Finance,8299,25
1168,Eve,Sales,4555,9
1169,Hannah,Finance,7021,6
1170,Grace,Marketing,14860,22
1171,Hannah,Operations,11293,27
1172,Alice,Finance,6414,1
1173,Eve,HR,6265,26
1174,Frank,Operations,11508,22
1175,Jack,Finance,10741,18
1176,Liam,HR,11661,3
1177,Charlie,Operations,7277,1
1178,Frank,Sales,4827,27
1179,Charlie,Operations,13156,6
1180,Frank,HR,3422,1
1181,David,HR,10532,16
1182,Hannah,Sales,4271,24
1183,Hannah,Finance,13381,25
1184,Hannah,Finance,13184,7
1185,Frank,Marketing,5466,13
1186,Frank,Sales,13911,1
1187,Frank,Operations,5052,21
1188,Liam,Operations,8580,22
1189,Hannah,Finance,14879,30
1190,Eve,Sales,6188,30
1191,Frank,Marketing,4292,5
1192,Kara,Marketing,12677,12
1193,Ian,Operations,5118,27
1194,Kara,Marketing,13262,30
1195,Jack,HR,6326,28
1196,Ian,Sales,6847,15
1197,Eve,HR,4390,21
1198,Frank,IT,5602,29
1199,Ian,Sales,3793,18
1200,Grace,HR,9806,24
1201,Eve,Finance,13782,19
1202,Grace,Finance,8595,24
1203,Kara,Operations,8862,29
1204,Hannah,Finance,10669,9
1205,Kara,HR,12540,6
1206,Eve,Finance,12916,18
1207,David,IT,13928,30
1208,Ian,Marketing,6621,6
1209,Bob,Finance,6431,21
1210,Charlie,Marketing,6478,6
1211,Jack,Sales,7225,9
1212,Liam,HR,3111,7
1213,Alice,IT,7426,15
1214,Alice,IT,9978,30
1215,Charlie,IT,7061,20
1216,Jack,Marketing,11818,20
1217,Bob,HR,6035,9
1218,Eve,Finance,4242,25
1219,Charlie,HR,8010,1
1220,Grace,Operations,4190,12
1221,Grace,Finance,10187,10
1222,Kara,HR,13254,1
1223,Charlie,Sales,8645,28
1224,Grace,IT,13468,1
1225,Charlie,Marketing,4641,18
1226,Charlie,HR,6001,17
1227,Kara,Operations,5271,11
1228,Bob,IT,13521,15
1229,Jack,Sales,14762,29
1230,Ian,IT,14133,30
1231,Bob,Finance,9472,27
1232,Alice,Marketing,10971,18
1233,Liam,Sales,9304,3
1234,Grace,HR,3667,20
1235,Ian,Marketing,8672,15
1236,Eve,Operations,12128,15
1237,Frank,IT,3252,3
1238,Kara,Marketing,13664,22
1239,Bob,HR,4952,23
1240,Frank,HR,3115,6
1241,Grace,HR,12168,5
1242,Ian,Sales,13478,7
1243,Kara,Sales,4598,23
1244,Liam,Finance,12441,18
1245,Kara,IT,11071,28
1246,Liam,Marketing,8172,20
1247,Bob,Operations,12735,2
1248,Ian,IT,6817,15
1249,Jack,IT,14796,3
1250,Kara,Sales,11218,27
1251,Charlie,Finance,14670,21
1252,Liam,Finance,4829,26
1253,Kara,IT,5862,11
1254,Hannah,IT,11539,5
1255,Jack,Finance,11889,7
1256,Alice,HR,11340,19
1257,Hannah,Finance,10852,24
1258,Bob,Marketing,12104,5
1259,Bob,Marketing,4328,22
1260,Liam,Finance,13219,27
1261,Eve,Marketing,3409,18
1262,Bob,HR,3795,25
1263,David,Sales,9053,1
1264,David,Marketing,9974,8
1265,Frank,HR,10507,1
1266,Ian,IT,9768,2
1267,Alice,IT,11683,14
1268,Liam,IT,3779,2
1269,Frank,Operations,9128,1
1270,Alice,HR,5934,2
1271,David,Finance,14928,27
1272,Charlie,HR,12530,10
1273,Liam,IT,7631,28
1274,Liam,HR,14913,10
1275,Charlie,Finance,9707,19
1276,Alice,Sales,14814,23
1277,Alice,Finance,5783,29
1278,Eve,Finance,14329,24
1279,David,HR,9626,19
1280,Kara,HR,7805,29
1281,Eve,IT,3153,2
1282,David,Operations,12110,12
1283,Hannah,Marketing,14515,7
1284,Jack,IT,9021,17
1285,Eve,Sales,4593,26
1286,Grace,Sales,5495,29
1287,Hannah,HR,5105,4
1288,Bob,Finance,4725,4
1289,Liam,Operations,3048,30
1290,Bob,Finance,14547,14
1291,Frank,Sales,8534,15
1292,Charlie,Marketing,4597,30
1293,Kara,Sales,14364,17
1294,Charlie,IT,12303,7
1295,Bob,Operations,3882,8
1296,Hannah,Finance,3991,10
1297,Eve,HR,14327,28
1298,Charlie,HR,13986,15
1299,Kara,HR,11873,4
1300,Ian,HR,3307,2
1301,Frank,Marketing,13026,5
1302,Ian,Marketing,12797,7
1303,Charlie,Finance,9520,14
1304,David,Finance,12980,17
1305,Grace,Operations,9126,10
1306,Grace,Marketing,8271,1
1307,Jack,Marketing,6622,9
1308,David,HR,5658,24
1309,David,HR,7873,11
1310,Liam,Sales,9055,12
1311,Kara,Sales,5479,10
1312,Frank,IT,3644,14
1313,Ian,Finance,5721,6
1314,Frank,Sales,3449,6
1315,Charlie,Operations,13981,28
1316,Kara,Finance,10263,3
1317,Jack,Operations,4715,10
1318,Eve,Sales,10647,28
1319,Jack,Operations,11438,18
1320,Jack,Sales,3960,1
1321,David,IT,3446,8
1322,Kara,HR,8526,26
1323,Hannah,Sales,3240,24
1324,Jack,HR,10855,4
1325,Charlie,Sales,10213,28
1326,David,Operations,6888,11
1327,Bob,Marketing,13004,20
1328,Jack,Sales,13188,24
1329,Grace,Sales,11539,20
1330,Bob,IT,12599,20
1331,Charlie,Marketing,13058,15
1332,Kara,Finance,11156,1
1333,Ian,Marketing,9289,16
1334,Charlie,Sales,13220,27
1335,Frank,Finance,7015,12
1336,Eve,IT,10153,25
1337,Kara,HR,8300,20
1338,Liam,Marketing,10220,29
1339,Charlie,Marketing,3455,21
1340,Hannah,HR,11926,15
1341,Jack,HR,12416,17
1342,Frank,Operations,7679,8
1343,Jack,HR,14157,19
1344,Ian,HR,4328,23
1345,Jack,HR,12194,9
1346,Charlie,HR,13763,24
1347,Jack,Finance,6637,25
1348,Hannah,Sales,12011,10
1349,Jack,IT,12873,24
1350,David,Marketing,4657,7
1351,Grace,Marketing,5899,16
1352,Kara,IT,3695,2
1353,Hannah,IT,12553,30
1354,Ian,HR,9773,11
1355,Eve,HR,8592,8
1356,Frank,IT,5453,24
1357,Ian,Finance,9147,11
1358,Eve,Operations,11085,5
1359,Charlie,Operations,4367,7
1360,Kara,Operations,8030,20
1361,Ian,HR,14557,12
1362,Bob,HR,3808,12
1363,Ian,Finance,4529,3
1364,Eve,Marketing,11615,14
1365,Charlie,HR,3624,19
1366,Hannah,Finance,5892,17
1367,Kara,IT,4417,18
1368,Charlie,HR,7794,18
1369,Jack,Sales,10151,14
1370,Bob,Operations,3503,20
1371,Liam,Finance,14678,14
1372,Liam,Sales,10119,22
1373,David,Marketing,6155,22
1374,Bob,HR,4489,10
1375,Grace,Operations,12147,9
1376,Liam,HR,9373,15
1377,Liam,Operations,4704,26
1378,Jack,Marketing,11468,2
1379,Ian,IT,5354,7
1380,Liam,IT,4703,10
1381,Ian,Finance,5834,20
1382,Hannah,Finance,7398,5
1383,David,HR,14302,25
1384,Grace,Marketing,9078,16
1385,Eve,IT,13250,22
1386,Kara,Finance,7189,20
1387,Frank,Marketing,5966,6
1388,Liam,Finance,9895,24
1389,Hannah,Operations,13810,9
1390,Eve,Finance,12551,30
1391,Hannah,IT,10874,25
1392,Alice,IT,12838,27
1393,Ian,Finance,8214,18
1394,Hannah,Finance,4827,28
1395,David,Marketing,8673,14
1396,Charlie,Sales,14099,9
1397,Alice,HR,11308,23
1398,Ian,Marketing,5023,11
1399,Liam,IT,8757,12
1400,David,Finance,7989,7
1401,Ian,Finance,12514,17
1402,Grace,Sales,6565,14
1403,Jack,HR,6145,20
1404,Liam,Sales,4451,2
1405,Liam,HR,5785,26
1406,Grace,IT,10993,6
1407,Charlie,HR,9031,30
1408,Bob,HR,8264,25
1409,Eve,Finance,3787,25
1410,Frank,Marketing,10550,16
1411,Liam,HR,8524,6
1412,Kara,Finance,5656,1
1413,Frank,HR,6459,18
1414,Kara,Operations,14374,5
1415,Bob,Marketing,8511,10
1416,David,Sales,14485,25
1417,Grace,Finance,10436,5
1418,Hannah,IT,9888,4
1419,Jack,Finance,5248,22
1420,Frank,Marketing,9684,9
1421,Hannah,Marketing,3958,22
1422,Ian,Operations,6116,15
1423,Eve,Sales,9756,22
1424,Bob,Operations,4955,9
1425,Bob,Sales,3134,7
1426,Frank,Finance,12860,12
1427,Jack,Finance,4138,18
1428,Kara,IT,12517,8
1429,Hannah,HR,6923,7
1430,Bob,Marketing,10607,29
1431,Charlie,IT,4397,18
1432,Liam,Finance,11516,17
1433,Charlie,Finance,8050,2
1434,Charlie,Sales,6260,9
1435,Frank,HR,6793,11
1436,Hannah,HR,3687,17
1437,Jack,Finance,5898,29
1438,Liam,Operations,7938,16
1439,Frank,Operations,4259,2
1440,Bob,IT,14367,12
1441,Eve,Finance,3844,11
1442,Alice,Sales,5058,4
1443,Alice,Sales,4486,25
1444,Ian,Sales,14045,6
1445,Hannah,Finance,9708,7
1446,Grace,Marketing,7225,22
1447,Ian,IT,8249,28
1448,Alice,Sales,5166,25
1449,Grace,Operations,7413,24
1450,Bob,Operations,6348,18
1451,Kara,IT,13499,16
1452,Kara,Operations,11245,11
1453,Eve,Operations,5952,19
1454,Charlie,HR,5347,22
1455,Jack,Operations,13267,27
1456,Alice,HR,13732,6
1457,Ian,Sales,11947,2
1458,Ian,Sales,10448,15
1459,Bob,Marketing,8923,22
1460,Grace,HR,14404,1
1461,Alice,Marketing,4622,3
1462,Charlie,HR,8678,2
1463,Kara,Sales,3910,11
1464,Hannah,Finance,8290,22
1465,Hannah,Marketing,10196,4
1466,Kara,Operations,14086,11
1467,Charlie,IT,9430,7
1468,Hannah,Sales,3430,28
1469,Eve,HR,4773,8
1470,Frank,IT,10228,3
1471,Alice,Finance,12497,25
1472,Charlie,Marketing,11457,17
1473,Frank,HR,4082,19
1474,Ian,Operations,11335,12
1475,Bob,IT,9289,14
1476,Liam,HR,4515,17
1477,Charlie,Finance,9586,1
1478,Charlie,Sales,8382,23
1479,Kara,Operations,12345,16
1480,Hannah,Marketing,6052,24
1481,Liam,IT,5839,24
1482,Kara,Marketing,13418,12
1483,Bob,IT,14181,11
1484,Grace,Marketing,3706,8
1485,Frank,IT,10129,19
1486,Kara,Marketing,11703,6
1487,Alice,Marketing,13279,14
1488,Eve,Finance,7754,9
1489,Ian,Finance,11533,17
1490,Kara,HR,14816,15
1491,Ian,Sales,3463,22
1492,David,IT,4853,23
1493,Charlie,IT,7978,29
1494,David,Finance,5787,26
1495,David,Marketing,4431,18
1496,Charlie,Marketing,8232,22
1497,Eve,HR,6531,28
1498,Grace,HR,9902,20
1499,Frank,IT,3957,15
1500,Jack,Sales,14554,3
1501,Frank,Marketing,5756,23
1502,Ian,Sales,8430,21
1503,Bob,Operations,7879,30
1504,David,HR,11622,11
1505,Liam,Operations,10994,5
1506,Jack,Sales,10502,2
1507,Eve,Finance,9465,8
1508,Liam,IT,11372,20
1509,Liam,IT,3882,12
1510,Eve,IT,5412,1
1511,Kara,Finance,13087,22
1512,Ian,Finance,14676,6
1513,Kara,Operations,11515,27
1514,David,Marketing,6618,10
1515,David,HR,14566,12
1516,David,Finance,6318,9
1517,Hannah,Finance,6363,13
1518,Hannah,Finance,3249,1
1519,Ian,Sales,3335,13
1520,Frank,Operations,14012,10
1521,Grace,Marketing,7506,7
1522,Charlie,Operations,5836,20
1523,Liam,Finance,10390,23
1524,Hannah,Sales,7153,21
1525,Jack,Marketing,3345,13
1526,Kara,Marketing,13346,28
1527,Charlie,Operations,5995,13
1528,Liam,Operations,12831,29
1529,Alice,Operations,3322,14
1530,Charlie,HR,5375,1
1531,Ian,Sales,10890,18
1532,Liam,Marketing,12842,23
1533,Hannah,Finance,5330,7
1534,David,Sales,11937,4
1535,Kara,IT,14601,22
1536,Frank,Finance,14838,25
1537,David,Sales,5157,27
1538,Bob,Finance,13379,2
1539,Bob,Sales,3242,25
1540,Jack,Finance,8514,26
1541,Charlie,Marketing,4598,11
1542,Eve,Sales,4709,10
1543,David,Operations,10244,27
1544,Frank,Marketing,6590,18
1545,Frank,Operations,9664,5
1546,Eve,Operations,10066,15
1547,Jack,Marketing,5801,14
1548,Kara,Sales,10527,28
1549,Liam,Operations,11874,20
1550,Liam,IT,5667,8
1551,Frank,Operations,4217,21
1552,Hannah,Marketing,10749,9
1553,Bob,Finance,6684,18
1554,Jack,Operations,6943,30
1555,Alice,IT,12643,3
1556,Hannah,HR,7837,24
1557,David,Sales,9455,3
1558,Kara,Operations,14169,27
1559,Ian,Marketing,9445,21
1560,Kara,Operations,7792,18
1561,Charlie,IT,12189,4
1562,Kara,Sales,3924,25
1563,Liam,Operations,9678,8
1564,David,Marketing,13304,14
1565,Charlie,Operations,11834,19
1566,Ian,IT,3443,19
1567,Alice,Finance,10092,14
1568,Alice,Operations,3720,8
1569,Jack,Finance,9514,24
1570,Ian,Operations,5516,11
1571,Hannah,Operations,14081,25
1572,Charlie,Marketing,5686,17
1573,Bob,Finance,13395,2
1574,Eve,Finance,5745,17
1575,Eve,Sales,7554,23
1576,Ian,HR,3476,12
1577,Bob,Finance,12447,22
1578,Ian,HR,14951,20
1579,Charlie,Finance,12376,27
1580,Frank,Marketing,7990,8
1581,Charlie,Finance,7054,24
1582,Jack,Finance,13150,24
1583,Liam,HR,3111,26
1584,Eve,Marketing,13168,17
1585,Bob,Finance,6388,29
1586,Kara,IT,7471,17
1587,David,Sales,6639,21
1588,Eve,Marketing,13287,11
1589,Jack,Finance,8193,21
1590,Alice,Finance,9998,20
1591,Eve,Marketing,7968,22
1592,Grace,Sales,5781,15
1593,Kara,HR,6984,25
1594,Jack,Operations,9267,24
1595,Ian,Operations,13898,2
1596,Eve,HR,5820,13
1597,Alice,Finance,12574,20
1598,Bob,Operations,7400,28
1599,David,Marketing,9882,27
1600,Hannah,HR,3422,3
1601,Grace,Finance,4399,13
1602,Frank,Marketing,3558,12
1603,Ian,HR,13735,14
1604,Ian,Marketing,4089,11
1605,Ian,Sales,10177,24
1606,Liam,Sales,5697,5
1607,Bob,Sales,14974,11
1608,Alice,Marketing,10434,16
1609,Jack,Marketing,12829,20
1610,Hannah,Finance,3824,6
1611,Jack,IT,6052,9
1612,Bob,Operations,7596,25
1613,Kara,HR,3478,25
1614,Alice,Sales,5107,9
1615,Jack,Marketing,3407,28
1616,Grace,Operations,11132,5
1617,Bob,Operations,6578,13
1618,David,Marketing,6334,6
1619,Charlie,Operations,5796,16
1620,Jack,Marketing,5373,1
1621,Eve,Finance,7671,15
1622,Grace,HR,4715,15
1623,Charlie,Marketing,13579,9
1624,Kara,Finance,8650,2
1625,Alice,Marketing,10605,9
1626,Liam,Finance,6289,9
1627,Grace,HR,5960,25
1628,Charlie,HR,12232,29
1629,Ian,HR,14401,10
1630,Bob,IT,4096,12
1631,Ian,HR,6731,11
1632,Charlie,IT,3146,1
1633,Hannah,Operations,7680,14
1634,Grace,Marketing,4650,16
1635,Alice,Finance,8917,26
1636,Hannah,IT,7432,22
1637,Jack,Operations,10107,25
1638,Alice,IT,14859,2
1639,Charlie,Finance,14669,28
1640,Ian,Operations,5876,27
1641,Bob,Operations,6428,14
1642,Liam,Sales,3689,26
1643,Eve,Marketing,6257,24
1644,Alice,Operations,8220,21
1645,Bob,Sales,9750,11
1646,Hannah,IT,5970,9
1647,Hannah,Sales,13698,27
1648,Eve,IT,8325,25
1649,Bob,Sales,6205,11
1650,Bob,Finance,14218,1
1651,Ian,HR,7537,19
1652,Charlie,HR,10124,4
1653,Frank,Finance,6485,5
1654,Alice,IT,12221,16
1655,Kara,IT,10661,28
1656,Ian,Finance,12645,5
1657,Frank,Marketing,3669,22
1658,Alice,HR,3119,8
1659,Charlie,Operations,5539,7
1660,Bob,Marketing,13188,18
1661,Ian,Finance,12509,20
1662,Kara,Sales,11634,16
1663,Eve,HR,11575,11
1664,Kara,HR,13167,29
1665,Alice,Operations,6622,9
1666,Grace,IT,6331,2
1667,Ian,Operations,14564,29
1668,Eve,Finance,10665,28
1669,Jack,Marketing,10656,21
1670,Jack,IT,3465,3
1671,Frank,IT,9665,27
1672,Charlie,Operations,7700,4
1673,David,IT,11852,5
1674,Liam,Operations,4562,7
1675,Eve,Marketing,9254,6
1676,Kara,Operations,7501,30
1677,Frank,Finance,14399,26
1678,David,IT,3599,19
1679,David,Finance,9981,5
1680,Kara,Finance,14811,10
1681,Alice,Finance,7019,11
1682,Liam,Finance,4182,3
1683,Ian,Finance,8447,7
1684,Liam,IT,3613,6
1685,Grace,Finance,13508,10
1686,Hannah,Sales,4846,11
1687,Alice,Sales,9347,19
1688,Charlie,Marketing,5992,7
1689,Jack,IT,5393,26
1690,Bob,IT,12027,17
1691,David,HR,5002,7
1692,Eve,HR,5174,29
1693,Frank,Marketing,6626,14
1694,Liam,Finance,5713,8
1695,Alice,IT,7079,2
1696,Grace,IT,8916,18
1697,Jack,HR,3682,24
1698,Ian,Finance,7194,2
1699,Bob,Operations,14693,10
1700,Jack,Sales,7411,30
1701,Jack,Finance,4615,16
1702,Eve,Marketing,14093,24
1703,David,Sales,7660,21
1704,Grace,Operations,3031,29
1705,Ian,Marketing,11928,25
1706,Bob,Finance,12666,15
1707,Grace,Sales,6595,2
1708,Ian,Operations,11918,21
1709,Bob,HR,13925,14
1710,Grace,Marketing,13829,19
1711,Ian,Finance,6866,13
1712,Hannah,Operations,8588,22
1713,Charlie,Finance,13773,18
1714,Liam,Finance,4269,10
1715,Ian,Sales,8328,7
1716,Jack,IT,7116,10
1717,Eve,Operations,4836,3
1718,David,Sales,3048,30
1719,Eve,IT,9826,26
1720,Ian,Sales,14483,17
1721,Grace,Operations,4979,26
1722,Charlie,HR,10390,12
1723,Alice,HR,10468,9
1724,Grace,Marketing,12075,23
1725,Grace,IT,14146,9
1726,Alice,Sales,7781,29
1727,Liam,Sales,3033,5
1728,Eve,Sales,13451,11
1729,Alice,IT,8521,6
1730,Alice,Operations,3547,27
1731,Jack,IT,6906,3
1732,Jack,Marketing,8236,21
1733,Frank,IT,14099,1
1734,Alice,IT,12691,5
1735,Jack,Sales,6253,23
1736,Grace,Operations,5714,24
1737,Hannah,IT,4403,6
1738,Charlie,IT,5558,7
1739,Grace,Finance,13826,25
1740,Charlie,HR,11684,1
1741,Kara,IT,13205,9
1742,Hannah,HR,6677,11
1743,Jack,HR,13360,1
1744,Ian,IT,7227,22
1745,Grace,Sales,10558,22
1746,Eve,IT,10619,25
1747,Hannah,Sales,12875,1
1748,David,IT,3714,10
1749,Bob,Finance,8721,1
1750,Liam,Sales,12713,15
1751,Liam,IT,12724,15
1752,Alice,IT,14562,14
1753,Hannah,Operations,7516,6
1754,Alice,Marketing,4715,2
1755,Liam,IT,14014,15
1756,Ian,IT,7812,26
1757,Frank,HR,10049,27
1758,Hannah,Sales,10869,11
1759,Grace,Sales,8746,8
1760,Eve,Finance,12388,21
1761,Bob,Marketing,7460,1
1762,Eve,IT,9399,4
1763,Frank,HR,14999,29
1764,Hannah,Sales,7039,6
1765,Eve,HR,4399,22
1766,Alice,Finance,9467,27
1767,David,Operations,7819,2
1768,Jack,HR,10703,20
1769,David,HR,14383,17
1770,Kara,HR,4513,9
1771,Ian,Sales,6389,25
1772,Hannah,Marketing,12663,21
1773,Kara,Finance,6637,28
1774,Liam,Finance,8640,20
1775,Alice,Sales,5273,11
1776,Eve,HR,4788,3
1777,Liam,IT,10904,4
1778,Liam,Marketing,9566,10
1779,Hannah,Marketing,10028,19
1780,Eve,Marketing,4362,7
1781,David,Sales,8821,26
1782,Eve,Operations,4556,9
1783,Bob,Operations,13866,19
1784,Jack,HR,10850,20
1785,Frank,Sales,8505,9
1786,Charlie,Marketing,10824,9
1787,Kara,Sales,4357,28
1788,Jack,Marketing,10379,2
1789,Alice,Finance,3515,17
1790,Jack,IT,5660,12
1791,Alice,IT,7507,10
1792,David,IT,4301,7
1793,Grace,Finance,12099,4
1794,Hannah,Operations,10734,9
1795,Ian,HR,9617,15
1796,Alice,IT,6853,11
1797,Liam,Finance,10449,21
1798,Ian,Finance,12203,27
1799,Liam,IT,6293,18
1800,Charlie,HR,12474,10
1801,Alice,HR,8567,28
1802,Jack,Finance,5397,25
1803,Kara,Marketing,11482,5
1804,Kara,IT,13201,28
1805,Liam,Finance,14294,28
1806,Eve,Sales,5027,23
1807,Eve,Operations,14310,7
1808,Ian,HR,5712,20
1809,Frank,IT,12037,5
1810,Charlie,Marketing,6000,12
1811,Liam,IT,7171,26
1812,Liam,Finance,9059,1
1813,Jack,Operations,12512,26
1814,Alice,Marketing,12329,4
1815,Frank,Marketing,14514,27
1816,David,Finance,13220,24
1817,David,Finance,5426,27
1818,David,HR,7540,1
1819,Bob,Operations,6067,17
1820,Eve,HR,10044,25
1821,Bob,HR,11851,24
1822,Frank,HR,9606,2
1823,Alice,HR,13290,29
1824,Ian,Sales,5408,8
1825,Grace,IT,8033,25
1826,Alice,Finance,13888,5
1827,David,HR,12676,19
1828,Frank,Sales,6041,17
1829,Bob,Finance,7960,13
1830,Eve,Sales,10931,1
1831,Frank,HR,6495,27
1832,David,Operations,3446,12
1833,Alice,HR,8229,27
1834,Eve,HR,8869,2
1835,Jack,Operations,9087,30
1836,Grace,Finance,12942,1
1837,Alice,HR,7447,26
1838,Frank,Marketing,9733,14
1839,Hannah,Sales,3087,30
1840,Frank,IT,3038,24
1841,Grace,Sales,4361,18
1842,Grace,Finance,12468,22
1843,David,Finance,3557,20
1844,David,Marketing,7619,20
1845,Alice,Sales,6384,23
1846,David,Sales,10126,30
1847,Frank,Sales,10576,2
1848,Grace,Operations,4047,25
1849,Jack,IT,8778,24
1850,Bob,HR,4257,25
1851,Eve,Sales,9535,6
1852,Grace,Marketing,14038,12
1853,Jack,HR,13617,12
1854,Bob,IT,9657,30
1855,David,Sales,12648,15
1856,Liam,Finance,11478,5
1857,David,HR,7451,20
1858,Liam,HR,3994,9
1859,Charlie,IT,3439,20
1860,Eve,Finance,4868,19
1861,David,Operations,13779,24
1862,Jack,IT,8045,14
1863,Charlie,IT,12457,12
1864,Frank,Marketing,8827,29
1865,Liam,Finance,9629,6
1866,Ian,Operations,9580,22
1867,David,Marketing,8596,7
1868,Hannah,Finance,7041,14
1869,Hannah,Operations,13361,15
1870,Ian,HR,3775,25
1871,Grace,Marketing,9075,13
1872,Grace,Finance,5513,24
1873,Kara,Sales,13955,5
1874,David,HR,4575,2
1875,Hannah,Operations,14443,16
1876,Frank,Operations,10769,20
1877,Charlie,Finance,13299,21
1878,Alice,Operations,11973,27
1879,Bob,Operations,6759,11
1880,Ian,HR,3031,8
1881,Ian,HR,10565,25
1882,Eve,Marketing,8833,24
1883,Frank,Sales,9393,18
1884,Ian,IT,4246,20
1885,Jack,HR,12356,23
1886,Liam,Marketing,5319,2
1887,Kara,Marketing,4106,2
1888,Ian,Operations,5857,15
1889,Bob,IT,3685,4
1890,Alice,Operations,6753,6
1891,Kara,HR,5751,29
1892,Charlie,IT,4147,10
1893,Grace,Operations,8197,21
1894,Bob,Sales,6763,29
1895,Grace,Finance,6636,15
1896,Eve,Marketing,11649,19
1897,Charlie,Marketing,5950,20
1898,Jack,Sales,5405,22
1899,Ian,Marketing,13384,5
1900,David,Sales,4167,17
1901,Hannah,Sales,5650,7
1902,David,Finance,9020,14
1903,Hannah,Marketing,13197,18
1904,Bob,IT,7044,25
1905,Bob,Operations,13626,8
1906,David,Operations,9361,12
1907,Ian,IT,3307,29
1908,Eve,Finance,3204,16
1909,Jack,HR,9690,15
1910,Kara,Sales,10138,15
1911,Grace,Marketing,3986,14
1912,Kara,Operations,7232,8
1913,Frank,Operations,8065,13
1914,Frank,HR,14997,17
1915,Frank,Marketing,6895,7
1916,Jack,IT,13955,28
1917,Charlie,Operations,14003,6
1918,Kara,Finance,9093,11
1919,Frank,Sales,14549,20
1920,Charlie,Sales,10728,15
1921,Alice,HR,7949,4
1922,Eve,Sales,6825,13
1923,Hannah,Operations,6166,18
1924,Eve,Operations,14978,29
1925,Hannah,HR,12481,28
1926,Hannah,IT,7163,28
1927,Eve,Marketing,11570,16
1928,Eve,Operations,13433,6
1929,Kara,Sales,8407,30
1930,David,Operations,8093,19
1931,Jack,Finance,9420,28
1932,Hannah,Marketing,11947,29
1933,Kara,Marketing,7118,28
1934,Ian,Finance,4843,5
1935,Bob,HR,14278,26
1936,Bob,IT,6529,28
1937,Hannah,IT,13886,10
1938,Hannah,HR,6250,18
1939,Frank,Marketing,4445,22
1940,Kara,Sales,11098,13
1941,David,Operations,10809,2
1942,Frank,IT,13793,13
1943,Bob,IT,6602,30
1944,Liam,Operations,14089,22
1945,Alice,IT,10039,28
1946,Ian,Operations,12653,11
1947,Alice,Marketing,4957,26
1948,Eve,Operations,7398,21
1949,Eve,Sales,12744,28
1950,Ian,Operations,14329,15
1951,David,Marketing,14471,30
1952,Grace,Marketing,11880,5
1953,Alice,Marketing,14938,30
1954,Ian,IT,12861,20
1955,Hannah,IT,3642,2
1956,Hannah,HR,5858,11
1957,Eve,IT,11011,22
1958,Bob,Finance,13553,18
1959,David,IT,7486,21
1960,Bob,Marketing,3359,4
1961,David,HR,14864,23
1962,Hannah,IT,14279,23
1963,Grace,Operations,5129,20
1964,Jack,Sales,9215,28
1965,David,HR,5047,25
1966,Eve,Sales,12231,13
1967,Eve,IT,12895,18
1968,Jack,Marketing,14352,6
1969,Bob,Marketing,7727,7
1970,Liam,Finance,11068,7
1971,David,Finance,13583,16
1972,David,Sales,4468,12
1973,Kara,IT,5295,30
1974,David,Finance,11666,18
1975,Frank,Operations,10543,21
1976,Frank,Sales,11258,27
1977,Kara,IT,11523,1
1978,Kara,Sales,11017,20
1979,Frank,Operations,3573,19
1980,Frank,HR,7296,19
1981,Liam,Operations,9583,3
1982,Ian,Marketing,9429,23
1983,Hannah,IT,13493,20
1984,Frank,HR,5052,1
1985,David,IT,13337,26
1986,Grace,Marketing,10283,19
1987,Hannah,IT,3923,26
1988,Alice,Finance,12279,25
1989,Alice,IT,9268,2
1990,Ian,Sales,7248,25
1991,Eve,Sales,10777,27
1992,Hannah,Marketing,4886,23
1993,Frank,Operations,12194,4
1994,Liam,Finance,12301,30
1995,Ian,IT,14666,22
1996,Bob,Operations,4002,27
1997,Alice,IT,11775,30
1998,Jack,Marketing,3393,2
1999,Frank,Operations,3213,13
2000,Alice,HR,13338,15
